name,age,address
John Doe,30,123 Main St, Anytown, USA
Jane Smith,25,456 Elm St, Othertown, USA
Jim Beam,40,789 Oak St, Thirdtown, USA
Jane Doe,30,123 Main St, Anytown, USA
Bob Johnson,35,789 Oak St, Thirdtown, USA
Alice Brown,28,123 Main St, Anytown, USA
Charlie Davis,42,456 Elm St, Othertown, USA
Diana White,33,789 Oak St, Thirdtown, USA
Ethan Green,29,123 Main St, Anytown, USA
Fiona Black,31,456 Elm St, Othertown, USA
George Blue,37,789 Oak St, Thirdtown, USA
Hannah Gray,26,123 Main St, Anytown, USA
Ivy Red,34,456 Elm St, Othertown, USA
James Yellow,38,789 Oak St, Thirdtown, USA
Kyle Purple,27,123 Main St, Anytown, USA
Liam Orange,36,456 Elm St, Othertown, USA